,accuracy,loss,precision,recall,val_accuracy,val_loss,val_precision,val_recall
0,0.6099925637245178,0.20524275302886963,0.6999973654747009,0.6996256113052368,0.6842168569564819,0.1449499875307083,0.6834217309951782,0.9576286673545837
1,0.6487932205200195,0.1585671454668045,0.6979547739028931,0.8100523352622986,0.6857867240905762,0.14460952579975128,0.6868863701820374,0.9490801095962524
2,0.6659247875213623,0.15037329494953156,0.6983717679977417,0.8552425503730774,0.6892887353897095,0.14291897416114807,0.6926454305648804,0.9381155967712402
3,0.6790884137153625,0.14709658920764923,0.6991433501243591,0.8884316086769104,0.6900132894515991,0.14186730980873108,0.6929512023925781,0.9390447735786438
4,0.6870934963226318,0.1450577974319458,0.7011662125587463,0.903512716293335,0.6918246746063232,0.14132581651210785,0.6942194104194641,0.9396023154258728
5,0.6914583444595337,0.14312219619750977,0.7019377946853638,0.9127260446548462,0.69894939661026,0.14042116701602936,0.7030942440032959,0.9290094971656799
6,0.6963062882423401,0.14220742881298065,0.7059209942817688,0.9129384160041809,0.6988286375999451,0.13971368968486786,0.7002358436584473,0.9381155967712402
7,0.6993944644927979,0.14158619940280914,0.7087054252624512,0.9123808741569519,0.7059533596038818,0.13921473920345306,0.7247482538223267,0.882735550403595
8,0.7001880407333374,0.140276700258255,0.7111129760742188,0.9070971608161926,0.7087308168411255,0.1373961716890335,0.7189850807189941,0.9057796001434326
9,0.70355224609375,0.13974377512931824,0.7167471051216125,0.8990786671638489,0.7136819362640381,0.13606961071491241,0.7167338728904724,0.9249210357666016
10,0.7084692120552063,0.13881723582744598,0.7199822068214417,0.9022382497787476,0.7140442132949829,0.1361832171678543,0.7425535321235657,0.8570897579193115
11,0.7087797522544861,0.13787493109703064,0.7231995463371277,0.8939808011054993,0.7140442132949829,0.13650111854076385,0.7096729278564453,0.9475933909416199
12,0.7129548192024231,0.1373375952243805,0.7268118262290955,0.8944321870803833,0.7170631289482117,0.13546203076839447,0.7489347457885742,0.8492845296859741
13,0.7139554619789124,0.13653668761253357,0.727830708026886,0.8941401243209839,0.7297427654266357,0.1328011453151703,0.7340980172157288,0.9158148765563965
14,0.7161120176315308,0.13612645864486694,0.7307625412940979,0.8915911912918091,0.72044438123703,0.13405923545360565,0.7470189929008484,0.8615499138832092
15,0.7188206315040588,0.13543447852134705,0.7342705130577087,0.8889892101287842,0.735297679901123,0.1306689828634262,0.7385904788970947,0.917301595211029
16,0.7210289239883423,0.13471844792366028,0.7369418740272522,0.8874492049217224,0.7383166551589966,0.1316852867603302,0.7523555159568787,0.8903549313545227
17,0.7220640778541565,0.13467606902122498,0.737834095954895,0.8876616358757019,0.7334862947463989,0.13033613562583923,0.7333823442459106,0.9267793893814087
18,0.7252730131149292,0.13360527157783508,0.7408967018127441,0.887608528137207,0.7429054379463196,0.1290183663368225,0.7480170726776123,0.9113547801971436
19,0.7252212762832642,0.13353106379508972,0.7402936220169067,0.8889892101287842,0.7459244132041931,0.12840408086776733,0.7588876485824585,0.892585039138794
20,0.7300864458084106,0.13254232704639435,0.7452548742294312,0.8882191777229309,0.7454413771629333,0.12769342958927155,0.7562235593795776,0.8976026773452759
21,0.7321739792823792,0.13218370079994202,0.7475456595420837,0.8875554203987122,0.7415770888328552,0.12867410480976105,0.7615818977355957,0.8767886757850647
22,0.7327950596809387,0.1316794902086258,0.7479925751686096,0.8879271149635315,0.7522038221359253,0.1267545372247696,0.762663722038269,0.8981602191925049
23,0.7336059212684631,0.13126800954341888,0.7501012682914734,0.8847941160202026,0.7558265924453735,0.12651515007019043,0.7667990326881409,0.8970451354980469
24,0.736538827419281,0.13043519854545593,0.7527884244918823,0.8852454423904419,0.7522038221359253,0.12592004239559174,0.7695546746253967,0.8831072449684143
25,0.7375912070274353,0.13063165545463562,0.7539185285568237,0.8850330710411072,0.7547397613525391,0.12573827803134918,0.7703356742858887,0.887009859085083
26,0.7385573387145996,0.1303669959306717,0.7528135180473328,0.8898122906684875,0.7575172185897827,0.1249186173081398,0.7755268812179565,0.882178008556366
27,0.7377119660377502,0.12984561920166016,0.754429280757904,0.8841302990913391,0.7534114122390747,0.12507683038711548,0.7561761736869812,0.9158148765563965
28,0.7416282892227173,0.1294376403093338,0.7570765018463135,0.8869712948799133,0.7566719055175781,0.12545664608478546,0.774193525314331,0.8831072449684143
29,0.7424563765525818,0.12915749847888947,0.7585697174072266,0.8854578733444214,0.7567926645278931,0.12436405569314957,0.7693169116973877,0.8937000632286072
30,0.7410417199134827,0.128854900598526,0.7576019763946533,0.8844489455223083,0.7581210136413574,0.12446858733892441,0.7733009457588196,0.8881248831748962
31,0.7423874139785767,0.12887470424175262,0.7583714127540588,0.8857499361038208,0.7592078447341919,0.12353598326444626,0.7801488637924194,0.8764170408248901
32,0.7442678809165955,0.12811367213726044,0.7597697973251343,0.8868385553359985,0.758966326713562,0.12366881221532822,0.7849806547164917,0.8663817048072815
33,0.7450442314147949,0.12801313400268555,0.7611905932426453,0.8854047656059265,0.7406110167503357,0.1281580775976181,0.7809838056564331,0.8349748849868774
34,0.7443196773529053,0.1280442327260971,0.7606517672538757,0.8849799633026123,0.7604154348373413,0.12353921681642532,0.7798649072647095,0.8795762658119202
35,0.7486845254898071,0.12716254591941833,0.7639422416687012,0.8874492049217224,0.7592078447341919,0.12258294224739075,0.7670714259147644,0.9039211869239807
36,0.7492883205413818,0.12747250497341156,0.764396607875824,0.8877943754196167,0.7576379776000977,0.12368571758270264,0.763182520866394,0.9091246724128723
37,0.7481842041015625,0.12712059915065765,0.7629317045211792,0.8885643482208252,0.7636758685112,0.12211472541093826,0.7837255597114563,0.8788329362869263
38,0.7500991821289062,0.12631243467330933,0.7658027410507202,0.8865199089050293,0.7528076171875,0.12388604879379272,0.7653613686561584,0.8935142159461975
39,0.7493918538093567,0.1266109198331833,0.7656676769256592,0.8852454423904419,0.758966326713562,0.12289084494113922,0.7861369252204895,0.864151656627655
40,0.7490640878677368,0.1262127310037613,0.7656874656677246,0.8844754695892334,0.7593286037445068,0.12293161451816559,0.7695735096931458,0.8987177014350891
41,0.7505477666854858,0.12624070048332214,0.7658204436302185,0.8874757885932922,0.7581210136413574,0.12269245833158493,0.7726832628250122,0.8894257545471191
42,0.7509100437164307,0.12623940408229828,0.7665067911148071,0.8867854475975037,0.7519623041152954,0.12292636930942535,0.7617623805999756,0.8996468782424927
43,0.7521522641181946,0.12612508237361908,0.7678862810134888,0.8865464925765991,0.7646419405937195,0.12186986207962036,0.7822368144989014,0.8838505744934082
44,0.7551886439323425,0.12499233335256577,0.7714331746101379,0.885643720626831,0.7595701217651367,0.1220947727560997,0.7594917416572571,0.9219475984573364
45,0.7512723803520203,0.1254182904958725,0.7667049169540405,0.887157142162323,0.7605361938476562,0.12173260748386383,0.7708001136779785,0.8987177014350891
46,0.7537739872932434,0.12495040893554688,0.7707604765892029,0.8839710354804993,0.7650042176246643,0.12092999368906021,0.7830888628959656,0.8829213976860046
47,0.7538947463035583,0.12522925436496735,0.7688930630683899,0.8882191777229309,0.7634343504905701,0.12151551991701126,0.7697036862373352,0.9074521660804749
48,0.7543087601661682,0.12463810294866562,0.7703869342803955,0.8859357833862305,0.7487018704414368,0.12396319210529327,0.7858628034591675,0.8429660201072693
49,0.7541880011558533,0.124657541513443,0.7705247402191162,0.8853782415390015,0.7683854699134827,0.1199195608496666,0.7847393751144409,0.8868240118026733
50,0.7558097243309021,0.12419667094945908,0.771284818649292,0.8873164653778076,0.7654872536659241,0.1203845664858818,0.7823017835617065,0.8855231404304504
51,0.7563962936401367,0.12385887652635574,0.7724316716194153,0.886174738407135,0.7666948437690735,0.11961697787046432,0.7834017872810364,0.8858948349952698
52,0.7560685276985168,0.12383503466844559,0.7719034552574158,0.8865730166435242,0.7611399292945862,0.1209961473941803,0.7752791047096252,0.8905407786369324
53,0.755827009677887,0.12394305318593979,0.7714153528213501,0.8870775103569031,0.7674193978309631,0.11951811611652374,0.7809399962425232,0.8923991918563843
54,0.7556372284889221,0.12353481352329254,0.7717087268829346,0.8860419988632202,0.7692307829856873,0.12014691531658173,0.7816558480262756,0.8948150873184204
55,0.7581043243408203,0.12329238653182983,0.7733937501907349,0.8878740668296814,0.7679024338722229,0.11902431398630142,0.7908189296722412,0.8740010857582092
56,0.7599330544471741,0.12292461097240448,0.7754094004631042,0.8876350522041321,0.7679024338722229,0.11903255432844162,0.7800809741020203,0.8951867818832397
57,0.7585873603820801,0.12308433651924133,0.7745047807693481,0.886599600315094,0.767660915851593,0.11923781782388687,0.7797378301620483,0.8953726291656494
58,0.7593291997909546,0.12281274050474167,0.7743353843688965,0.8885643482208252,0.7650042176246643,0.11960773915052414,0.77318274974823,0.9033637046813965
59,0.7578455209732056,0.1228005588054657,0.773239254951477,0.8876350522041321,0.7699553370475769,0.11854017525911331,0.7778133153915405,0.9042928814888
60,0.7607612013816833,0.12259846180677414,0.7763506174087524,0.8874757885932922,0.7688685059547424,0.11836688220500946,0.7729491591453552,0.9122839570045471
61,0.7621586322784424,0.1223158910870552,0.7774910926818848,0.888139545917511,0.7644004225730896,0.11965977400541306,0.7849783897399902,0.8779037594795227
62,0.7636423110961914,0.12199262529611588,0.7795692682266235,0.8870775103569031,0.7685062289237976,0.11824920028448105,0.7825448513031006,0.8914700150489807
63,0.7616583108901978,0.12184656411409378,0.7765178084373474,0.8890688419342041,0.7625890374183655,0.11990059167146683,0.7920300960540771,0.8606206774711609
64,0.7628487348556519,0.1219683513045311,0.7786684632301331,0.8872102499008179,0.7712836861610413,0.11797916144132614,0.7854920625686646,0.8914700150489807
65,0.7610717415809631,0.12159731984138489,0.7765082716941833,0.8878209590911865,0.7672986388206482,0.11871816217899323,0.7752630114555359,0.9039211869239807
66,0.7604506611824036,0.12180222570896149,0.7761287689208984,0.8872633576393127,0.7660910487174988,0.11941853910684586,0.7783704996109009,0.8948150873184204
67,0.7648327350616455,0.12107556313276291,0.77898770570755,0.8908212184906006,0.7646419405937195,0.11813504248857498,0.7811271548271179,0.8860806822776794
68,0.7618998289108276,0.12104014307260513,0.7753773927688599,0.8919629454612732,0.7670571208000183,0.11840648949146271,0.7736207842826843,0.9068946242332458
69,0.7617445588111877,0.12137003988027573,0.7767618894577026,0.8887502551078796,0.7701968550682068,0.11802348494529724,0.776558518409729,0.9074521660804749
70,0.764056384563446,0.12091949582099915,0.7786658406257629,0.8898122906684875,0.769834578037262,0.11888080835342407,0.7767160534858704,0.9063370823860168
71,0.7664199471473694,0.12056218087673187,0.7814410328865051,0.8892281651496887,0.7700760960578918,0.11673388630151749,0.7872129678726196,0.8855231404304504
72,0.7655055522918701,0.1205560639500618,0.7800451517105103,0.890104353427887,0.7688685059547424,0.11777053773403168,0.7832053303718567,0.8909124732017517
73,0.7661094069480896,0.11997882276773453,0.7823113203048706,0.8868119716644287,0.7715252041816711,0.11800070852041245,0.7834281325340271,0.8961159586906433
74,0.7645739316940308,0.12035943567752838,0.7800816297531128,0.8880333304405212,0.7653664946556091,0.11951833963394165,0.767756998538971,0.9160007238388062
75,0.767006516456604,0.11973589658737183,0.7809461951255798,0.8914850354194641,0.7715252041816711,0.11663234978914261,0.7911868095397949,0.8808771371841431
76,0.768265962600708,0.11937886476516724,0.7838084697723389,0.8884050846099854,0.7711629271507263,0.11775518953800201,0.7780791521072388,0.9063370823860168
77,0.7674723267555237,0.11942406743764877,0.783110499382019,0.8881130218505859,0.7652457356452942,0.1177099347114563,0.7767756581306458,0.896301805973053
78,0.7683694958686829,0.1196768656373024,0.7818321585655212,0.8926001787185669,0.772370457649231,0.11638904362916946,0.7879736423492432,0.8888682126998901
79,0.7676103711128235,0.12002011388540268,0.7814645171165466,0.8917239904403687,0.7680231928825378,0.11782874912023544,0.778224527835846,0.8992752432823181
80,0.7698359489440918,0.11920635402202606,0.7848676443099976,0.8896264433860779,0.7670571208000183,0.11703786253929138,0.7836949229240417,0.8860806822776794
81,0.769663393497467,0.11870890855789185,0.7843775153160095,0.8902370929718018,0.7712836861610413,0.11644827574491501,0.7860541343688965,0.8903549313545227
82,0.7680416703224182,0.11897336691617966,0.7825376987457275,0.8904760479927063,0.7710421681404114,0.11618424952030182,0.7941921353340149,0.8741869330406189
83,0.7671273350715637,0.1187349185347557,0.7824267745018005,0.8887502551078796,0.772249698638916,0.11606649309396744,0.7845627665519714,0.8953726291656494
84,0.769784152507782,0.11832129955291748,0.7822867035865784,0.8946977257728577,0.7712836861610413,0.11641810834407806,0.776965856552124,0.9089388847351074
85,0.768317699432373,0.11857105046510696,0.7819218039512634,0.8923081159591675,0.7689892649650574,0.11718837171792984,0.7726414799690247,0.9132131338119507
86,0.7701982259750366,0.11858246475458145,0.7845869660377502,0.8909539580345154,0.772370457649231,0.11498291045427322,0.7877839803695679,0.8892399072647095
87,0.7704225182533264,0.11831669509410858,0.7843201160430908,0.8919629454612732,0.7729742527008057,0.11595840752124786,0.7904430031776428,0.8853372931480408
88,0.7716819643974304,0.1180117204785347,0.7859801650047302,0.8913257122039795,0.7712836861610413,0.11678066104650497,0.7802603840827942,0.9020628333091736
89,0.7703880071640015,0.11836005002260208,0.7836610078811646,0.8932108283042908,0.7662118077278137,0.11958441883325577,0.7731092572212219,0.906151294708252
90,0.7719407081604004,0.11778977513313293,0.7854673862457275,0.8928922414779663,0.7738195657730103,0.11611659824848175,0.7821750044822693,0.9035495519638062
91,0.7704052329063416,0.11803466081619263,0.7854346632957458,0.8897060751914978,0.7685062289237976,0.1165122464299202,0.7747461795806885,0.9076380133628845
92,0.7716474533081055,0.11740168929100037,0.7861577868461609,0.8909009099006653,0.7736988067626953,0.1168881505727768,0.7898826003074646,0.8879390358924866
93,0.7728551030158997,0.11736675351858139,0.7872065901756287,0.8913788199424744,0.771766722202301,0.11617494374513626,0.7878937721252441,0.8877531886100769
94,0.7753567099571228,0.11761153489351273,0.7891574501991272,0.8928125500679016,0.7708006501197815,0.116709403693676,0.8026064038276672,0.8583906292915344
95,0.7726653218269348,0.11727211624383926,0.7869498133659363,0.8914850354194641,0.7762347459793091,0.1154533103108406,0.7938041090965271,0.8857089877128601
96,0.7755464911460876,0.11684008687734604,0.7896332144737244,0.8922815322875977,0.7803405523300171,0.1154697984457016,0.7908229827880859,0.900018572807312
97,0.7763055562973022,0.11672037094831467,0.7893750071525574,0.8943790793418884,0.7727327346801758,0.11723612993955612,0.7864745259284973,0.892585039138794
98,0.7732346653938293,0.1167759820818901,0.7879101037979126,0.8907946944236755,0.7811858654022217,0.11463217437267303,0.803848147392273,0.8773462176322937
99,0.7759432792663574,0.11678702384233475,0.7904015183448792,0.8916177749633789,0.7762347459793091,0.11464480310678482,0.7857142686843872,0.9015052914619446
100,0.7759605050086975,0.11646802723407745,0.7903791666030884,0.8916974067687988,0.7750271558761597,0.11689194291830063,0.770199716091156,0.9317970871925354
101,0.7775132656097412,0.11658857017755508,0.7911366820335388,0.8934763669967651,0.7786499261856079,0.11456340551376343,0.7918723225593567,0.8944433927536011
102,0.7756844758987427,0.11574166268110275,0.79021817445755,0.8914319276809692,0.7758724689483643,0.11473464965820312,0.7863525748252869,0.8994610905647278
103,0.7761330604553223,0.11629509180784225,0.7898964285850525,0.892998456954956,0.769834578037262,0.11760804057121277,0.7810124754905701,0.8974168300628662
104,0.7756327390670776,0.1165599673986435,0.7897804975509644,0.8921753168106079,0.7747856378555298,0.11412966251373291,0.782545804977417,0.904850423336029
105,0.7769784331321716,0.11580252647399902,0.7919459939002991,0.8907946944236755,0.7756309509277344,0.11476729065179825,0.7874979376792908,0.8966735005378723
106,0.777910053730011,0.11582351475954056,0.7911127805709839,0.8943525552749634,0.780461311340332,0.11453217267990112,0.8009799122810364,0.8810629844665527
107,0.7767713665962219,0.11595293879508972,0.7910212278366089,0.8921487927436829,0.7807028293609619,0.11366206407546997,0.7893199324607849,0.903735339641571
108,0.7783758640289307,0.11565474420785904,0.7923705577850342,0.8928922414779663,0.7761139869689941,0.1137542575597763,0.7791673541069031,0.9146998524665833
109,0.7780135869979858,0.11486119031906128,0.7920199632644653,0.8928125500679016,0.780582070350647,0.11322665214538574,0.7953264713287354,0.8918416500091553
110,0.7780135869979858,0.11570616811513901,0.7924332618713379,0.8920160531997681,0.782514214515686,0.11400290578603745,0.7933464646339417,0.8996468782424927
111,0.7787209153175354,0.11504651606082916,0.7935329675674438,0.8913788199424744,0.77430260181427,0.1166861355304718,0.775580644607544,0.9184166789054871
112,0.7758742570877075,0.11564715951681137,0.7903681397438049,0.891538143157959,0.7765970230102539,0.11526698619127274,0.7854486703872681,0.9028061628341675
113,0.7785828709602356,0.11497707664966583,0.7919616103172302,0.8941136002540588,0.7770800590515137,0.11399487406015396,0.7849427461624146,0.904850423336029
114,0.7789279222488403,0.11543743312358856,0.7935776710510254,0.8917239904403687,0.780461311340332,0.11337801069021225,0.7953904867172241,0.8914700150489807
115,0.7781688570976257,0.11523605138063431,0.7919815182685852,0.8932108283042908,0.7781668901443481,0.11415321379899979,0.7827057838439941,0.9117264151573181
116,0.7786346673965454,0.11501334607601166,0.7922649383544922,0.8936356902122498,0.7788914442062378,0.11458051949739456,0.806034505367279,0.8687976002693176
117,0.7784621119499207,0.1148194670677185,0.7927812933921814,0.8922815322875977,0.7793744802474976,0.11346878856420517,0.7828717231750488,0.9139565229415894
118,0.7799975872039795,0.1145666167140007,0.7932707071304321,0.894538402557373,0.7815481424331665,0.11370181292295456,0.7856686115264893,0.9128414988517761
119,0.7789624333381653,0.11519017070531845,0.7914526462554932,0.8958925008773804,0.7757517099380493,0.11432565748691559,0.7826435565948486,0.9067087769508362
120,0.7802563905715942,0.11427962779998779,0.793883204460144,0.8939011693000793,0.7831180095672607,0.11351051181554794,0.792844295501709,0.9018769860267639
121,0.7823956608772278,0.11440642178058624,0.7957776188850403,0.8947242498397827,0.7803405523300171,0.11355433613061905,0.7793287038803101,0.923434317111969
122,0.7826199531555176,0.11370274424552917,0.7963860630989075,0.8940339088439941,0.7794952392578125,0.11433136463165283,0.7852672338485718,0.909310519695282
123,0.7803598642349243,0.11447456479072571,0.7943982481956482,0.8931311964988708,0.7798575162887573,0.11302828788757324,0.7857372164726257,0.9091246724128723
124,0.7816883325576782,0.11446299403905869,0.7953004837036133,0.8941667079925537,0.7833594679832458,0.11271970719099045,0.7976763248443604,0.8931425213813782
125,0.7825682163238525,0.1138559952378273,0.7949345707893372,0.8966890573501587,0.7781668901443481,0.11272438615560532,0.7914473414421082,0.8942575454711914
126,0.782033383846283,0.1139446571469307,0.7964046597480774,0.8927860260009766,0.7790122032165527,0.11373593658208847,0.7952768802642822,0.8886824250221252
127,0.7813087701797485,0.1136089637875557,0.7943733930587769,0.8951491117477417,0.7814273834228516,0.11390428990125656,0.7886822819709778,0.9065229296684265
128,0.7798250317573547,0.11380429565906525,0.7943450212478638,0.8921222686767578,0.7821519374847412,0.11396583169698715,0.788328230381012,0.9087530374526978
129,0.7829477190971375,0.11327183991670609,0.7968845963478088,0.8937684297561646,0.7833594679832458,0.11183846741914749,0.7879274487495422,0.9120981097221375
130,0.7805496454238892,0.1140509694814682,0.7944238781929016,0.8934763669967651,0.7836009860038757,0.1131589487195015,0.7931710481643677,0.9022486805915833
131,0.7841381430625916,0.11308297514915466,0.797005295753479,0.8959987163543701,0.7762347459793091,0.11437156051397324,0.7820594906806946,0.9089388847351074
132,0.7831720113754272,0.11311359703540802,0.7969049215316772,0.8941932320594788,0.7790122032165527,0.11368664354085922,0.791208803653717,0.8964876532554626
133,0.783603310585022,0.11319996416568756,0.7968845963478088,0.8951225280761719,0.7800990343093872,0.11423937976360321,0.7917076349258423,0.8977885246276855
134,0.7812914848327637,0.11321703344583511,0.7960987687110901,0.8918302059173584,0.7816689014434814,0.11451639980077744,0.7883777022361755,0.9076380133628845
135,0.7834480404853821,0.11245661228895187,0.7972348928451538,0.8941401243209839,0.7808235883712769,0.11319394409656525,0.7841886878013611,0.9143282175064087
136,0.7865362167358398,0.11266813427209854,0.8005847930908203,0.8942198157310486,0.785050094127655,0.11262132972478867,0.7941513061523438,0.9033637046813965
137,0.786087691783905,0.11222859472036362,0.7990671992301941,0.8961314558982849,0.7845670580863953,0.11220996081829071,0.7941128611564636,0.9024344682693481
138,0.7851042747497559,0.11257484555244446,0.7993065714836121,0.8936622142791748,0.7831180095672607,0.11125178635120392,0.8046914935112,0.8797621130943298
139,0.7852940559387207,0.11201035976409912,0.799771785736084,0.8931843042373657,0.7837217450141907,0.1111549660563469,0.7942622900009155,0.9003902673721313
140,0.7851560711860657,0.11306256800889969,0.7998620271682739,0.8927329182624817,0.7854123711585999,0.11213336139917374,0.8035714030265808,0.886452317237854
141,0.7831892967224121,0.11240282654762268,0.7977976202964783,0.892547070980072,0.7863784432411194,0.11167759448289871,0.7932770252227783,0.9078238010406494
142,0.7837585806846619,0.11250503361225128,0.7981679439544678,0.8930249810218811,0.782634973526001,0.11181563138961792,0.7965877056121826,0.8937000632286072
143,0.7855873703956604,0.11208130419254303,0.8006242513656616,0.8922019004821777,0.7809443473815918,0.11327286809682846,0.7811760902404785,0.9208325743675232
144,0.7860704064369202,0.11186785250902176,0.8002281785011292,0.8939277529716492,0.7869822382926941,0.11247476190328598,0.790615439414978,0.9143282175064087
145,0.7862774729728699,0.1117425262928009,0.7996443510055542,0.8954411745071411,0.7875860333442688,0.1117965430021286,0.8123490810394287,0.8753020167350769
146,0.7841209173202515,0.11235583573579788,0.7986368536949158,0.8928922414779663,0.780582070350647,0.1124129369854927,0.8148409724235535,0.8570897579193115
147,0.7868985533714294,0.11188719421625137,0.800242006778717,0.895600438117981,0.7796159982681274,0.11534873396158218,0.7799999713897705,0.9204608798027039
148,0.7872090935707092,0.11146421730518341,0.8020462989807129,0.8928922414779663,0.7861369252204895,0.11129861325025558,0.7941655516624451,0.905593752861023
149,0.7858116626739502,0.11156103760004044,0.800657331943512,0.8926001787185669,0.78517085313797,0.11225634813308716,0.796900749206543,0.8983460068702698
150,0.7857598662376404,0.11134877055883408,0.8018509149551392,0.8902902007102966,0.7858954071998596,0.1129268929362297,0.7864401340484619,0.9204608798027039
151,0.7870020270347595,0.11114626377820969,0.8013569712638855,0.8937418460845947,0.785050094127655,0.11183188855648041,0.8037793040275574,0.8853372931480408
152,0.7856736183166504,0.11177797615528107,0.7995774745941162,0.8943259716033936,0.7827557325363159,0.11254188418388367,0.7949604988098145,0.8970451354980469
153,0.7853113412857056,0.11163651198148727,0.8003906607627869,0.8920691609382629,0.7837217450141907,0.1123468428850174,0.8022903203964233,0.8853372931480408
154,0.7904870510101318,0.11087900400161743,0.8045589923858643,0.8949632048606873,0.7799782752990723,0.11266492307186127,0.7881781458854675,0.9044787287712097
155,0.787554144859314,0.1114935353398323,0.8010212779045105,0.8954942226409912,0.7858954071998596,0.11085865646600723,0.7908738851547241,0.9115406274795532
156,0.790349006652832,0.1109984964132309,0.8038108944892883,0.896051824092865,0.7798575162887573,0.11384399235248566,0.7855537533760071,0.9094963669776917
157,0.788899838924408,0.11094725131988525,0.8028393983840942,0.8948835730552673,0.7862576842308044,0.11180165410041809,0.8037005662918091,0.8879390358924866
158,0.7892276048660278,0.11081503331661224,0.8048885464668274,0.8918036222457886,0.7887936234474182,0.11128155142068863,0.8017613887786865,0.8966735005378723
159,0.7893828749656677,0.11061196029186249,0.8038097023963928,0.894087016582489,0.787102997303009,0.11163245141506195,0.7872340679168701,0.9213900566101074
160,0.7892621159553528,0.1107463538646698,0.8019458651542664,0.8972731828689575,0.7887936234474182,0.11076463758945465,0.7971203923225403,0.9054079055786133
161,0.790383517742157,0.11070486903190613,0.8059039115905762,0.8923081159591675,0.7869822382926941,0.11130250990390778,0.8194665312767029,0.8621073961257935
162,0.789003312587738,0.1103728786110878,0.8033009767532349,0.8942463397979736,0.7864992022514343,0.11137271672487259,0.7877967357635498,0.9189741611480713
163,0.7923848032951355,0.1099226176738739,0.8065449595451355,0.8952021598815918,0.787102997303009,0.11214324086904526,0.7897181510925293,0.9163724184036255
164,0.7911598682403564,0.11069600284099579,0.805235743522644,0.8950960040092468,0.7820311784744263,0.11254594475030899,0.8023334741592407,0.8818063735961914
165,0.7907803058624268,0.11041947454214096,0.8045220375061035,0.8956270217895508,0.78517085313797,0.11174143105745316,0.7945698499679565,0.9028061628341675
166,0.7890723347663879,0.11060155928134918,0.8044670224189758,0.8922550082206726,0.787223756313324,0.11208110302686691,0.7943712472915649,0.9074521660804749
167,0.7892793416976929,0.11016176640987396,0.8040429353713989,0.8934497833251953,0.78517085313797,0.11091767251491547,0.7936093807220459,0.9046645760536194
168,0.7936442494392395,0.10963592678308487,0.8078526258468628,0.8953880667686462,0.7817896604537964,0.11439742147922516,0.7868378758430481,0.9109830856323242
169,0.7902799844741821,0.10987693816423416,0.8046339154243469,0.8944056630134583,0.7863784432411194,0.11028921604156494,0.7976269125938416,0.8994610905647278
170,0.7926263213157654,0.10994524508714676,0.806126594543457,0.8964501023292542,0.7866199612617493,0.11192084848880768,0.7954545617103577,0.9041070342063904
171,0.790383517742157,0.10982206463813782,0.8072448968887329,0.8898919224739075,0.7860161662101746,0.11063561588525772,0.8090426325798035,0.8779037594795227
172,0.791522204875946,0.10936521738767624,0.8056982755661011,0.8949897885322571,0.7883105874061584,0.11094280332326889,0.8206079602241516,0.8628507852554321
173,0.7921432852745056,0.10971948504447937,0.8070385456085205,0.8938215374946594,0.7895181775093079,0.10965587943792343,0.8018586039543152,0.8979743719100952
174,0.7928333878517151,0.10925718396902084,0.8078280091285706,0.8937949538230896,0.789276659488678,0.11086433380842209,0.800000011920929,0.9009477496147156
175,0.7945758700370789,0.10909206420183182,0.8090918064117432,0.895042896270752,0.7863784432411194,0.11266488581895828,0.7974308133125305,0.8998327255249023
176,0.7930921316146851,0.10955397039651871,0.8052173256874084,0.8990521430969238,0.7869822382926941,0.11114824563264847,0.79632967710495,0.9031778573989868
177,0.7927815914154053,0.10950342565774918,0.8073862791061401,0.8944852948188782,0.7837217450141907,0.11501321941614151,0.7729622721672058,0.9446199536323547
178,0.7908838391304016,0.10962596535682678,0.8042017817497253,0.8964235186576843,0.7846878170967102,0.11444906890392303,0.790067732334137,0.9106113910675049
179,0.7938339710235596,0.1088445782661438,0.808597981929779,0.8944321870803833,0.787223756313324,0.11009477823972702,0.7998343110084534,0.8970451354980469
180,0.7930058836936951,0.10925212502479553,0.8074904680252075,0.8947508335113525,0.7874652743339539,0.10986731201410294,0.805776059627533,0.8866381645202637
181,0.7938339710235596,0.10897038131952286,0.8082575798034668,0.895042896270752,0.7931409478187561,0.1105540469288826,0.7946658134460449,0.919160008430481
182,0.7925572991371155,0.1091112419962883,0.806473970413208,0.8956801295280457,0.7920541167259216,0.1090509295463562,0.814617395401001,0.8803196549415588
183,0.7941790223121643,0.10874656587839127,0.809134840965271,0.8941667079925537,0.7829972505569458,0.11211904138326645,0.7921421527862549,0.9029920101165771
184,0.7940410375595093,0.1087692528963089,0.8074725866317749,0.8968749046325684,0.7914503216743469,0.11073654145002365,0.8047031164169312,0.8966735005378723
185,0.7941617965698242,0.10871243476867676,0.8090411424636841,0.8942994475364685,0.7897596955299377,0.11078564822673798,0.8020245432853699,0.8981602191925049
186,0.7929368615150452,0.10873087495565414,0.8076342344284058,0.8943525552749634,0.7897596955299377,0.11111953854560852,0.8044496774673462,0.8937000632286072
187,0.7942480444908142,0.10804666578769684,0.8090640306472778,0.8944321870803833,0.7921748757362366,0.10959093272686005,0.8083922863006592,0.8914700150489807
188,0.794437825679779,0.10807131975889206,0.8085958361625671,0.8956535458564758,0.7898804545402527,0.11200032383203506,0.8047882318496704,0.8933283686637878
189,0.7955937385559082,0.10780153423547745,0.8104481101036072,0.8946711421012878,0.7875860333442688,0.11007827520370483,0.8171628713607788,0.8671250939369202
190,0.7948518991470337,0.10853084921836853,0.8086318969726562,0.8964235186576843,0.7886728644371033,0.11069592088460922,0.7919279336929321,0.9152573943138123
191,0.793161153793335,0.10844113677740097,0.8072081804275513,0.8955739140510559,0.7904842495918274,0.11073896288871765,0.8036308884620667,0.8966735005378723
192,0.794524073600769,0.10825122892856598,0.8102995157241821,0.8927860260009766,0.7901219725608826,0.11209321022033691,0.7927985787391663,0.9165582656860352
193,0.7946276068687439,0.10821997374296188,0.8098193407058716,0.8938480615615845,0.789155900478363,0.10951124131679535,0.8212833404541016,0.8634082674980164
194,0.7974914908409119,0.10780710726976395,0.8129753470420837,0.8940073847770691,0.7961598634719849,0.10954279452562332,0.8053580522537231,0.905036211013794
195,0.7939720153808594,0.10855907201766968,0.8090351819992065,0.8939277529716492,0.782634973526001,0.11496929079294205,0.7911855578422546,0.9041070342063904
196,0.7971464395523071,0.10754387825727463,0.8119205236434937,0.8951756358146667,0.7916918396949768,0.11291415244340897,0.8132282495498657,0.8819922208786011
197,0.7952141761779785,0.1083100438117981,0.8106018900871277,0.8936356902122498,0.7927786707878113,0.11044931411743164,0.7965690493583679,0.9146998524665833
198,0.7956627607345581,0.10741154849529266,0.8115151524543762,0.8929187655448914,0.7883105874061584,0.10997406393289566,0.7968903183937073,0.904850423336029
199,0.7951279282569885,0.10765469819307327,0.8105491399765015,0.8935559988021851,0.7922956347465515,0.11027190834283829,0.812318742275238,0.8847797513008118
200,0.7953694462776184,0.10774882137775421,0.8106578588485718,0.8938480615615845,0.791329562664032,0.11139972507953644,0.8022505640983582,0.9009477496147156
201,0.7966461181640625,0.10757771879434586,0.8129050731658936,0.8924408555030823,0.7920541167259216,0.11058373749256134,0.8139694333076477,0.8814346790313721
202,0.7970256805419922,0.1074318140745163,0.8120842576026917,0.8946446180343628,0.7937447428703308,0.10892217606306076,0.8134493827819824,0.8857089877128601
203,0.7966634035110474,0.10764371603727341,0.8130004405975342,0.8923081159591675,0.7927786707878113,0.10839975625276566,0.8147003054618835,0.8816205263137817
204,0.7955592274665833,0.10774529725313187,0.8117436766624451,0.8923081159591675,0.7904842495918274,0.11222995072603226,0.8006266355514526,0.9022486805915833
205,0.8004589080810547,0.10679121315479279,0.8157989978790283,0.8949897885322571,0.7903634905815125,0.11203989386558533,0.8059425950050354,0.8922133445739746
206,0.7986646890640259,0.10705123841762543,0.8132517337799072,0.8958659768104553,0.7907257676124573,0.10968425124883652,0.8094672560691833,0.8866381645202637
207,0.7979745864868164,0.10738352686166763,0.8125737905502319,0.8956801295280457,0.7945899963378906,0.107899971306324,0.8104960918426514,0.892585039138794
208,0.7981643676757812,0.10702075809240341,0.8142428398132324,0.8931311964988708,0.7937447428703308,0.11127614229917526,0.8002288937568665,0.9096822142601013
209,0.7988544702529907,0.10677260160446167,0.8135429620742798,0.8957332372665405,0.7908465266227722,0.10911387205123901,0.8080364465713501,0.8894257545471191
210,0.7974569797515869,0.10725266486406326,0.8136175274848938,0.8928125500679016,0.7927786707878113,0.10828135907649994,0.813838005065918,0.8831072449684143
211,0.7995100617408752,0.10656385868787766,0.8158443570137024,0.8930249810218811,0.7916918396949768,0.10933984816074371,0.8099355697631836,0.8877531886100769
212,0.7991650104522705,0.10649081319570541,0.814914345741272,0.8939542770385742,0.7931409478187561,0.1096072718501091,0.8025404214859009,0.9041070342063904
213,0.79994136095047,0.10658187419176102,0.8151156902313232,0.8951491117477417,0.7944692373275757,0.10987958312034607,0.8051086664199829,0.9020628333091736
214,0.800079345703125,0.1062471941113472,0.8149230480194092,0.8957597613334656,0.7887936234474182,0.11274366825819016,0.7864353060722351,0.926593542098999
215,0.7977502942085266,0.1070018857717514,0.813194215297699,0.8941401243209839,0.7970051765441895,0.10858672857284546,0.8167808055877686,0.886452317237854
216,0.8009764552116394,0.10589466989040375,0.8169444799423218,0.8940339088439941,0.7970051765441895,0.10895645618438721,0.8107154965400696,0.8970451354980469
217,0.7996653318405151,0.10600115358829498,0.815379798412323,0.8941401243209839,0.7967636585235596,0.10927870869636536,0.8116992712020874,0.8948150873184204
218,0.7994755506515503,0.10602202266454697,0.8143105506896973,0.8956270217895508,0.789155900478363,0.11062978953123093,0.8083121180534363,0.8855231404304504
219,0.8000966310501099,0.10639405250549316,0.8138208389282227,0.8977245688438416,0.7974882125854492,0.10861018300056458,0.8064196109771729,0.9057796001434326
220,0.8012007474899292,0.10572458058595657,0.8164189457893372,0.8953880667686462,0.7971259355545044,0.10968043655157089,0.8154082298278809,0.8890540599822998
221,0.8008211851119995,0.10610626637935638,0.8162444829940796,0.8949366807937622,0.7924163937568665,0.11081556975841522,0.7909119725227356,0.9251068830490112
222,0.8001828789710999,0.10599853098392487,0.8153001666069031,0.8953083753585815,0.7945899963378906,0.10885372012853622,0.8201113343238831,0.8760453462600708
223,0.8009247183799744,0.10585886985063553,0.8172082304954529,0.8934763669967651,0.7927786707878113,0.10892685502767563,0.8221128582954407,0.869169294834137
224,0.8015803098678589,0.10603294521570206,0.8151895999908447,0.8982821106910706,0.7971259355545044,0.10926298797130585,0.8165953755378723,0.887009859085083
225,0.8002346158027649,0.10574888437986374,0.8160930871963501,0.8940339088439941,0.7967636585235596,0.10807012021541595,0.8010420203208923,0.9143282175064087
226,0.7991822361946106,0.1064276322722435,0.8151018619537354,0.8936622142791748,0.7916918396949768,0.10979568213224411,0.8096206188201904,0.8883107304573059
227,0.8026672005653381,0.1051909476518631,0.8187829852104187,0.8942198157310486,0.7971259355545044,0.1090342104434967,0.8169206976890564,0.886452317237854
228,0.8022531867027283,0.10580597072839737,0.8174262642860413,0.8957332372665405,0.7924163937568665,0.11099468916654587,0.7947521209716797,0.9174874424934387
229,0.8029087781906128,0.1052858904004097,0.8198239803314209,0.8929187655448914,0.7965221405029297,0.10855789482593536,0.8168724179267883,0.8853372931480408
230,0.8025464415550232,0.10476184636354446,0.81733238697052,0.8964766263961792,0.7964013814926147,0.11148926615715027,0.8084822297096252,0.8998327255249023
231,0.8027017116546631,0.10536371916532516,0.8182656764984131,0.8951756358146667,0.7986958026885986,0.10930947214365005,0.8099132180213928,0.9018769860267639
232,0.8015630841255188,0.10530155152082443,0.817649781703949,0.8939808011054993,0.7918125987052917,0.10970944166183472,0.8334853053092957,0.8492845296859741
233,0.8007867336273193,0.10630863904953003,0.8166189789772034,0.8942198157310486,0.79579758644104,0.108568474650383,0.8030551671981812,0.9085671901702881
234,0.8029260039329529,0.10497105866670609,0.818462073802948,0.8952818512916565,0.7954353094100952,0.1118568703532219,0.797386646270752,0.918602466583252
235,0.801338791847229,0.10546883195638657,0.8166384100914001,0.8952818512916565,0.793261706829071,0.10861972719430923,0.8090985417366028,0.8923991918563843
236,0.8008211851119995,0.10579704493284225,0.8175672292709351,0.8926532864570618,0.79579758644104,0.11273521929979324,0.7916535139083862,0.9306820034980774
237,0.8022704124450684,0.10532715171575546,0.8164645433425903,0.8974325060844421,0.7965221405029297,0.1087641790509224,0.8046488761901855,0.9070804715156555
